<?xml version="1.0" encoding="UTF-8"?>
<project-private xmlns="http://www.netbeans.org/ns/project-private/1">
    <editor-bookmarks xmlns="http://www.netbeans.org/ns/editor-bookmarks/2" lastBookmarkId="0"/>
    <open-files xmlns="http://www.netbeans.org/ns/projectui-open-files/2">
        <group>
            <file>file:/C:/Users/micha/Documents/CS250/PaintProject/src/paintproject/PaintProject.java</file>
            <file>file:/C:/Users/micha/Documents/CS250/PaintProject/src/paintproject/Draw.java</file>
            <file>file:/C:/Users/micha/Documents/CS250/PaintProject/src/paintproject/Menus.java</file>
        </group>
    </open-files>
</project-private>
